,rxns
[],"['DGSNt', 'LSOProd', 'DGSNtm', 'O2St_Neuron', 'DHFtm', 'DCKm', 'TCYNTt_Neuron', 'CDPDAGtm_Neuron', 'DGKm', 'SARCStex_Int', 'HtrnsEX_Neuron', 'DM_prgnlone(c)', 'CHSTEROLt3_Neuron', 'DMGtm', 'APOC_LYS_BTNPm_Neuron', 'BHBt', 'NaEX_Neuron', 'ACALDt_Neuron', 'ACt2m_Neuron', 'TCYNTtm_Neuron', 'ADCim_Neuron', 'THFtm_Neuron', 'APOCFm_Neuron', 'EX_h(e)', 'DURIt', 'ASNtm', 'ACALDtm_Neuron', 'ASNtm_Neuron', 'BALAtmr_Neuron', 'CDPDAGtm', 'DPHMBDCm', 'ASPNATm_Neuron', 'CO2t_Neuron', 'CO2tm_Neuron', 'AOBUTDsm', 'TCYNTt_Int', 'BETALDHxm_Neuron', 'SERtm', 'AOBUTDsm_Neuron', 'COUCOAFm_Neuron', 'BHBt_Neuron', 'EX_uri(e)', '4HBZFm_Neuron', 'PPAt_Neuron', 'EX_h2o2(e)', 'DM_nadph(c)', 'EX_hco3(e)', 'EX_h2o(e)', 'DTKm_Neuron', '5AOPtm_Neuron', 'EX_ile-L(e)', 'DGSNt_Neuron', 'EX_k(e)', 'H2O2t_Int', 'EX_lac-D(e)', 'CHSTEROLt3', 'H2O2tm', '3AIBt_Neuron', 'EX_lac-L(e)', '25HVITD2tin_m', 'DGSNtm_Neuron', 'EX_leu-L(e)', '5THFtm', '25HVITD2tm', 'CO2t_Int', 'PPAtm_Neuron', 'EX_lys-L(e)', 'DM_atp(m)', 'DHFtm_Neuron', '25HVITD3t', 'EX_na1(e)', '3AIBtm_Neuron', 'CYANt_Int', 'Ht_Int', 'DCKm_Neuron', 'EX_nh4(e)', '25HVITD3tin', 'DM_ahcys_Neuron', 'EX_o2(e)', '3DPHBH1_Neuron', '5THFtm_Neuron', 'CREATtmdiffir', '25HVITD3tin_m', 'Ht', '3DPHBH2_Neuron', 'DGKm_Neuron', 'EX_o2s(e)', '6DHFtm', 'GLYCt_Int', 'Kt1r_Int', 'DM_for_Neuron', '25HVITD3tm', 'EX_orn(e)', '6THFtm', 'DM_10fthf7glu_Neuron', 'DMGtm_Neuron', 'sink_chsterol', 'EX_pe_hs(e)', '7DHFtm', 'DM_1a2425thvitd2', 'EX_pi(e)', '7THFtm', '3AIBt', 'DM_10fthf6glu_Neuron', 'EX_ppa(e)', 'PPPG9tm_Neuron', 'ADCim', 'DM_1a2425thvitd3', 'O2t_Int', 'sink_vitd3', '6DHFtm_Neuron', 'DM_10fthf5glu_Neuron', 'EX_pro-L(e)', 'sink_vitd2', '6THFtm_Neuron', 'EX_NACASPt_Int', 'HCO3Em', 'DM_5thf_Neuron', 'EX_ps_hs(e)', 'NACASPtm_Neuron', 'ACt2r', 'O2St', 'ILEt5m', '7DHFtm_Neuron', 'NACASPt_Neuron', 'EX_pyr(e)', 'CO2t', 'DM_6dhf_Neuron', '7THFtm_Neuron', 'EX_sarcs(e)', '3SPYRSPm_Neuron', 'ETOHt', 'ACt2m', 'DM_6thf_Neuron', 'PRGNLONEtm_Neuron', 'DGSNt_Int', 'CO2tm', 'FALDtm', 'EX_ser-L(e)', 'AACTtm', 'DURIt_Neuron', 'DM_7dhf_Neuron', 'ETOHt_Neuron', 'DM_7thf_Neuron', 'EX_so4(e)', 'Kt1r', 'PCREATtmdiffir', 'FALDtm_Neuron', '4ABUTtm_Neuron', 'FORt2m', 'O2Stm', 'EX_tcynt(e)', '4HBZCOAFm_Neuron', 'DURIt_Int', 'DPHMBDCm_Neuron', 'O2t', 'DM_atp(c)_Neuron', 'SARCStex', 'EX_thymd(e)', 'ETOHt_Int', '34HPLFM', 'SARCStm', 'O2St_Int', 'O2tm', 'EX_urea(e)', 'FE2tm', 'AACTtm_Neuron', 'PROtm_Neuron', 'DM_pchol_hs', 'FORt2m_Neuron', 'GLYCt_Neuron', 'DM_pheme(c)_Neuron', 'GLYCtm_Neuron', 'DM_fald_Neuron', 'FE2tm_Neuron', 'PPAt_Int', '25HVITD2t_Int', 'EX_val-L(e)', 'COUCOAFm', 'GLNtm_Neuron', 'sink_amet', 'sink_decdp', 'sink_4hpro-LT(m)', 'sink_dhf(c)', 'GLYtm_Neuron', 'sink_dmgly', '3AIBtm', 'sink_tyr-L(m)', 'TCYNTt', '10FTHF5GLUtm', 'PHEMEtm', '3DPHBH1', '3DPHBH2', 'ACALDt', 'LEUt5m', '10FTHF6GLUtm', 'PRGNLONEtm', '10FTHF7GLUtm', 'TCYNTtm', '10FTHFtm', 'THFtm', 'H2O2t_Neuron', 'DM_10fthf5glu', 'DM_10fthf7glu', 'DM_10fthf6glu', '25HVITD2tin', 'VALt5m_Neuron', 'ACALDtm', '3SPYRSPm', 'DM_5thf', 'Kt1r_Neuron', 'DM_6dhf', 'Ht_Neuron', 'CYANt', 'DM_4mptnl(m)', 'PROtm', 'H2O2tm_Neuron', 'CYANtm', 'DM_6thf', 'VITD2tm_Neuron', '4HBZCOAFm', 'PPA2m', 'DM_7dhf', 'DDPGAm', '4ABUTtm', 'PPAt', 'MTDNAdpolym_Neuron', 'VITD3tm_Neuron', 'DM_ahcys', 'DECDPtm_Neuron', '25HVITD2t', 'ILEt5m_Neuron', 'DM_fald', '5AOPtm', 'PPAtm', 'HCO3Em_Neuron', 'PPPG9tm', 'DM_7thf', 'DECDPtm', 'DM_atp(c)', 'DDPGAm_Neuron', 'VITD3tm3_Neuron', 'MTDNAploym_Neuron', '4HBZFm', 'EX_glyc(e)', 'PHCHGSm', '25HVITD2tin_Neuron', 'EX_pe_hs(e)_Neuron', 'DM_pheme(c)', 'DM_q10(m)_Neuron', 'DM_for', 'DM_thf(c)_Neuron', 'EX_ps_hs(e)_Neuron', 'BHBtm_Neuron', 'DM_q10(m)', 'SERtm_Neuron', 'DM_thf(c)', 'sink_4hpro-LT(m)_Neuron', 'EX_3aib(e)', 'sink_amet_Neuron', 'EX_4abut(e)', 'sink_decdp_Neuron', 'DM_prgnlone(c)_Neuron', 'O2Stm_Neuron', 'EX_ac(e)', 'sink_dhf(c)_Neuron', '25HVITD2tin_Int', 'EX_acac(e)', 'sink_dmgly_Neuron', 'DM_nadph(c)_Neuron', 'APOC_LYS_BTNPm', '25HVITD3t_Int', 'EX_acald(e)', 'sink_tyr-L(m)_Neuron', 'EX_ala-B(e)', '25HVITD3tin_Int', '10FTHF5GLUtm_Neuron', 'CREATtmdiffir_Neuron', '25HVITD2tin_m_Neuron', 'O2t_Neuron', 'EX_arg-L(e)', 'GLYCt', '3AIBt_Int', '25HVITD2tm_Neuron', 'EX_asn-L(e)', 'O2tm_Neuron', 'VALt5m', 'GLYCtm', 'APOCFm', 'EX_bhb(e)', 'DM_4mptnl(m)_Neuron', '25HVITD3t_Neuron', '10FTHF6GLUtm_Neuron', 'DM_atp(m)_Neuron', 'EX_btn(e)', 'LEUt5m_Neuron', 'PHCHGSm_Neuron', '25HVITD3tin_Neuron', 'EX_co2(e)', '10FTHF7GLUtm_Neuron', '25HVITD3tin_m_Neuron', 'EX_crn(e)', 'LSOProd_Neuron', '10FTHFtm_Neuron', 'sink_chsterol_Neuron', 'EX_cyan(e)', 'VITD2tm', 'DM_1a2425thvitd2_Neuron', '25HVITD3tm_Neuron', 'BALAtmr', 'PPA2m_Neuron', 'EX_cys-L(e)', 'ACALDt_Int', 'PHEMEtm_Neuron', 'EX_duri(e)', 'DM_1a2425thvitd3_Neuron', 'sink_vitd3_Neuron', 'sink_vitd2_Neuron', 'ACt2r_Int', 'EX_etoh(e)', 'VITD3tm', '34HPLFM_Neuron', 'T4HCINNMFM_Neuron', 'EX_fe2(e)', 'BETALDHxm', 'BHBtm', 'EX_glc(e)', 'VITD3tm3', 'CYANt_Neuron', 'GLYtm', 'EX_gln-L(e)', 'CYANtm_Neuron', 'DM_pchol_hs_Neuron', 'EX_glu-L(e)', 'T4HCINNMFM', 'PCREATtmdiffir_Neuron', 'EX_gly(e)', 'MTDNAploym', 'H2O2t', '25HVITD2t_Neuron', 'DTKm', 'SARCStm_Neuron', 'BHBt_Int', 'MTDNAdpolym', 'GLNtm']"
1594,"['1a,24,25VITD2Hm_Neuron', '25VITD3Hm_Neuron', '25VITD2Hm_Neuron', '1a,24,25VITD3Hm', '25VITD3Hm', '1a,24,25VITD3Hm_Neuron', '1a,24,25VITD2Hm', '25VITD2Hm']"
1591,"['1a,25VITD2Hm', '1a,25VITD3Hm_Neuron', '1a,25VITD2Hm_Neuron', '24,25VITD2Hm_Neuron', '24,25VITD3Hm', '24,25VITD2Hm', '24,25VITD3Hm_Neuron', '1a,25VITD3Hm']"
89874,"['2AMADPTm_Neuron', '2AMADPTm', '2OXOADPTm_Neuron', '2OXOADPTm']"
8050,"['2OXOADOXm', 'AKGDm', 'AKGDm_Neuron', 'PDHm_Neuron', 'PDHm', '2OXOADOXm_Neuron']"
1738,"['OIVD3m', 'GCC2cm', 'GCC2bim', 'GCCcm', '2OXOADOXm', 'GCCbim_Neuron', 'GCCcm_Neuron', 'GCC2bim_Neuron', 'OIVD3m_Neuron', 'OIVD1m_Neuron', 'PDHm_Neuron', 'GCCam_Neuron', 'PDHm', 'GCCbim', '2OXOADOXm_Neuron', 'GCC2cm_Neuron', 'GCC2am_Neuron', 'OIVD2m_Neuron', 'OIVD1m', 'AKGDm', 'OIVD2m', 'GCC2am', 'AKGDm_Neuron', 'GCCam']"
4967,"['2OXOADOXm_Neuron', '2OXOADOXm', 'AKGDm', 'AKGDm_Neuron']"
1743,"['2OXOADOXm_Neuron', '2OXOADOXm', 'AKGDm', 'AKGDm_Neuron']"
18,"['APAT2rm_Neuron', 'ABTArm', '3AIBTm', 'APAT2rm', '3AIBTm_Neuron', 'ABTArm_Neuron']"
55268,"['3HBCDm_Neuron', '3HBCDm']"
26275,"['3HBCOAHLm_Neuron', '3HBCOAHLm']"
10165,"['3SALAASPm', 'GLUt2m', 'ASPGLUm', '3SALAASPm_Neuron', 'ASPGLUm_Neuron', 'GLUt2m_Neuron']"
8604,"['3SALAASPm', 'GLUt2m', 'ASPGLUm', '3SALAASPm_Neuron', 'ASPGLUm_Neuron', 'GLUt2m_Neuron']"
2806,"['LCYSTATm', 'ASPTAm_Neuron', 'EHGLATm', 'PHETA1m', 'TYRTAm_Neuron', 'EHGLATm_Neuron', 'ASPTAm', 'EHGLAT2m_Neuron', '3SALATAim_Neuron', 'CYSTAm', 'CYSTAm_Neuron', '3SALATAim', 'PHETA1m_Neuron', 'TYRTAm', 'LCYSTATm_Neuron', 'EHGLAT2m']"
8659,"['GCALDDm', 'BAMPPALDOXm_Neuron', 'GCALDDm_Neuron', 'LCADim', 'PHCDm_Neuron', 'LCADim_Neuron', 'P5CDm_Neuron', 'GLACOm', 'GLACOm_Neuron', 'IMACTD_m_Neuron', 'ALDD20xm', 'HPROxm_Neuron', '5HOXINDACTOXm_Neuron', 'LCADi_Dm_Neuron', 'BAMPPALDOXm', 'LCADi_Dm', 'NABTNOm_Neuron', '4HGLSDm_Neuron', 'PYLALDOXm_Neuron', 'NABTNOm', 'PHCDm', '5HOXINDACTOXm', 'ALDD20xm_Neuron', '4HGLSDm', 'IMACTD_m', 'PYLALDOXm', 'HPROxm', 'P5CDm']"
219,"['GCALDDm', 'BAMPPALDOXm_Neuron', 'GCALDDm_Neuron', 'LCADim', 'LCADim_Neuron', 'GLACOm', 'GLACOm_Neuron', 'IMACTD_m_Neuron', 'ALDD2xm_Neuron', 'ALDD20xm', '5HOXINDACTOXm_Neuron', 'LCADi_Dm_Neuron', 'BAMPPALDOXm', 'LCADi_Dm', 'NABTNOm_Neuron', 'PYLALDOXm_Neuron', 'NABTNOm', '5HOXINDACTOXm', 'ALDD20xm_Neuron', 'PYLALDOXm', 'IMACTD_m', 'ALDD2xm']"
217,"['GCALDDm', 'BAMPPALDOXm_Neuron', 'GCALDDm_Neuron', 'LCADim', 'LCADim_Neuron', 'GLACOm', 'GLACOm_Neuron', 'IMACTD_m_Neuron', 'ALDD2xm_Neuron', 'ALDD20xm', '5HOXINDACTOXm_Neuron', 'LCADi_Dm_Neuron', 'BAMPPALDOXm', 'LCADi_Dm', 'NABTNOm_Neuron', 'PYLALDOXm_Neuron', 'NABTNOm', '5HOXINDACTOXm', 'ALDD20xm_Neuron', 'PYLALDOXm', 'IMACTD_m', 'ALDD2xm']"
65985,"['AACOAT_Neuron', 'AACOAT']"
8639,"['AACTOOR_Neuron', 'AACTOOR']"
60496,"['AASAD3m_Neuron', 'AASAD3m']"
51166,"['AATAi_Neuron', 'AATAi']"
206358,"['ABUTt2r', 'GLYt2r', 'PROt2r_Int', 'ABUTt2r_Int', 'PROt2r_Neuron', 'PROt2r', 'ABUTt2r_Neuron', 'GLYt2r_Int']"
38,"['ACACT1rm', 'ACACT10m_Neuron', 'ACACT10m', 'ACACT1rm_Neuron']"
39,"['ACACT1r', 'ACACT1r_Neuron']"
3030,"['ACACT1rm', 'HACD1m_Neuron', 'T2M26DCOAHLm', 'HACD1m', 'PRPNCOAHYDm_Neuron', 'C2M26DCOAHLm', 'ECOAH9m_Neuron', 'T2M26DCOAHLm_Neuron', 'ACACT1rm_Neuron', 'ECOAH12m', 'ECOAH1m', 'PRPNCOAHYDm', 'C2M26DCOAHLm_Neuron', 'ECOAH9m', 'ECOAH1m_Neuron', 'ECOAH12m_Neuron']"
3032,"['ACACT1rm', 'HACD1m_Neuron', 'T2M26DCOAHLm', 'HACD1m', 'PRPNCOAHYDm_Neuron', 'C2M26DCOAHLm', 'ECOAH9m_Neuron', 'T2M26DCOAHLm_Neuron', 'ACACT1rm_Neuron', 'ECOAH12m', 'ECOAH1m', 'PRPNCOAHYDm', 'C2M26DCOAHLm_Neuron', 'ECOAH9m', 'ECOAH1m_Neuron', 'ECOAH12m_Neuron']"
6566,"['L-LACt2r_Int', 'ACACt2_Int', 'BTNt2_Neuron', 'PYRt2r_Neuron', 'ACACt2', 'D-LACt2', 'L-LACt2r', 'PYRt2r', 'ACACt2_Neuron', 'L-LACtm_Neuron', 'PYRt2m_Neuron', 'BTNt2_Int', 'D-LACtm', 'D-LACt2_Neuron', 'BTNt2m_Neuron', 'D-LACt2_Int', 'PYRt2r_Int', 'ACACt2m_Neuron', 'L-LACt2r_Neuron', 'BTNt2', 'D-LACtm_Neuron', 'L-LACtm', 'PYRt2m', 'ACACt2m', 'BTNt2m']"
9194,"['L-LACt2r_Int', 'D-LACt2_Int', 'ACACt2_Int', 'PYRt2r_Int', 'L-LACt2r_Neuron', 'PYRt2r_Neuron', 'PYRt2r', 'D-LACt2', 'L-LACt2r', 'ACACt2', 'L-LACtm', 'ACACt2_Neuron', 'L-LACtm_Neuron', 'D-LACt2_Neuron']"
84532,"['ACCOALm', 'ACSm_Neuron', 'ACSm', 'ACCOALm_Neuron']"
34,"['ACOAD10m_Neuron', 'ACOAD1fm_Neuron', 'ACOAD1fm', 'ACOAD9m', 'ACOAD10m', 'PPCOAOm_Neuron', 'ACOAD9m_Neuron', 'PPCOAOm']"
36,"['ACOAD10m_Neuron', 'ACOAD10m', 'PPCOAOm_Neuron', 'PPCOAOm', 'ACOAD1fm_Neuron', 'ACOAD1fm']"
28976,"['PPCOAOm_Neuron', 'PPCOAOm', 'ACOAD1fm_Neuron', 'ACOAD1fm']"
80724,"['PPCOAOm_Neuron', 'PPCOAOm', 'ACOAD1fm_Neuron', 'ACOAD1fm']"
27034,"['PPCOAOm_Neuron', 'ACOAD9m_Neuron', 'PPCOAOm', 'ACOAD1fm_Neuron', 'ACOAD1fm', 'ACOAD9m']"
3712,"['ACOAD8m_Neuron', 'ACOAD8m']"
50,"['ACONTm', 'ACONTm_Neuron']"
788,"['CRNtim', 'C160CRNt', 'ACRNtm_Neuron', 'CRNtim_Neuron', 'C160CRNt_Neuron', 'ACRNtm']"
97,"['ACYP_Neuron', 'ACYP']"
203,"['ADK1', 'ADK1_Neuron']"
26289,"['ADK1', 'ADK1_Neuron']"
205,"['ADK3m', 'ADK1m_Neuron', 'ADK3m_Neuron', 'ADK1m']"
204,"['ADK1m_Neuron', 'ADK1m']"
50808,"['DAKm_Neuron', 'DAKm', 'ADK3m_Neuron', 'ADK3m']"
53343,"['ADPRDPm_Neuron', 'ADPRDPm']"
79814,"['AGMTm', 'AGMTm_Neuron']"
5832,"['LCADi_Dm', 'GCALDDm', 'GLU5Km', 'GCALDDm_Neuron', 'LCADim', 'AGPRim_Neuron', 'GLU5Km_Neuron', 'LCADim_Neuron', 'AGPRim', 'G5SDym', 'LCADi_Dm_Neuron', 'G5SDym_Neuron']"
64850,"['AGTim_Neuron', 'AGTim']"
8402,"['AKGMALtm_Neuron', 'AKGMALtm']"
23464,"['GLYATm', 'GLYATm_Neuron', 'ALASm_Neuron', 'ALASm']"
211,"['ALASm_Neuron', 'ALASm']"
126,"['ALCD2if_Neuron', 'ALCD2if']"
124,"['ALCD2if_Neuron', 'ALCD2if']"
128,"['ALCD2if_Neuron', 'ALCD2if']"
284273,"['ALCD2if_Neuron', 'ALCD2if']"
137872,"['ALCD2if_Neuron', 'ALCD2if']"
10327,"['ALCD2yf_Neuron', 'ALCD2yf']"
223,"['ALDD2x', 'ALDD2x_Neuron', 'ALDD2y', 'ALDD2y_Neuron']"
224,"['ALDD2x', 'ALDD2x_Neuron', 'ALDD2y', 'ALDD2y_Neuron']"
501,"['ALDD2x', 'ALDD2x_Neuron']"
8854,"['ALDD2x', 'ALDD2x_Neuron', 'ALDD2y', 'ALDD2y_Neuron']"
220,"['ALDD2x', 'ALDD2x_Neuron']"
216,"['ALDD2x', 'ALDD2x_Neuron']"
231,"['ALR_Neuron', 'ALR']"
115286,"['AMETt2m', 'AMETt2m_Neuron']"
113451,"['ARGDCm_Neuron', 'ARGDCm']"
9057,"['ARGLYSex_Int', 'ARGLYSex']"
6520,"['SERGLYexR_Neuron', 'SERGLYexR_Int', 'ARGLYSex_Int', 'SERGLNexR_Int', 'CYSGLYexR', 'SERGLNexR_Neuron', 'SERGLNexR', 'CYSGLUexR_Int', 'CYSGLUexR', 'CYSGLYex', 'CYSGLYex_Int', 'CYSGLUexR_Neuron', 'CYSGLYexR_Neuron', 'ARGLYSex', 'SERGLYexR']"
6541,"['LYStiDF_Neuron', 'ARGtiDF', 'ORNtiDF', 'ORNtiDF_Int', 'LYStiDF', 'ARGtiDF_Neuron', 'ORNtiDF_Neuron', 'ARGtiDF_Int', 'LYStiDF_Int']"
84889,"['LYStiDF_Neuron', 'ARGtiDF', 'ORNtiDF', 'ORNtiDF_Int', 'LYStiDF', 'ARGtiDF_Neuron', 'ORNtiDF_Neuron', 'ARGtiDF_Int', 'LYStiDF_Int']"
83884,"['ORNt4m_Neuron', 'ORNt3m', 'LYStm_Neuron', 'CITRtm', 'LYStm', 'ORNt3m_Neuron', 'ARGtm', 'ORNt4m', 'ARGtm_Neuron', 'CITRtm_Neuron']"
80150,"['ASNNm', 'ASNNm_Neuron']"
11254,"['ASNt4_Neuron', 'SERt4', 'ASNt4', 'SERt4_Int', 'ASNt4_Int', 'SERt4_Neuron']"
81539,"['ASNt4_Neuron', 'SERt4', 'ASNt4', 'SERt4_Int', 'ASNt4_Int', 'SERt4_Neuron']"
54407,"['ASNt4_Neuron', 'SERt4', 'ASNt4', 'SERt4_Int', 'ASNt4_Int', 'SERt4_Neuron']"
2805,"['ASPTA_Neuron', 'ASPTA']"
521,"['ATPS4m', 'ATPS4m_Neuron']"
9551,"['ATPS4m', 'ATPS4m_Neuron']"
10476,"['ATPS4m', 'ATPS4m_Neuron']"
515,"['ATPS4m', 'ATPS4m_Neuron']"
513,"['ATPS4m', 'ATPS4m_Neuron']"
498,"['ATPS4m', 'ATPS4m_Neuron']"
514,"['ATPS4m', 'ATPS4m_Neuron']"
516,"['ATPS4m', 'ATPS4m_Neuron']"
509,"['ATPS4m', 'ATPS4m_Neuron']"
10632,"['ATPS4m', 'ATPS4m_Neuron']"
4905,"['ATPS4m', 'ATPS4m_Neuron']"
506,"['ATPS4m', 'ATPS4m_Neuron']"
522,"['ATPS4m', 'ATPS4m_Neuron']"
292,"['ATPtm_Neuron', 'ATPtm']"
291,"['ATPtm_Neuron', 'ATPtm']"
293,"['ATPtm_Neuron', 'ATPtm']"
3141,"['BACCLm_Neuron', 'BTNPLm', 'BTNPLm_Neuron', 'BACCLm']"
140679,"['BALAVECSEC', 'BALAVECSEC_Int', 'BALAVECSEC_Neuron']"
622,"['BDHm_Neuron', 'BDHm']"
686,"['BTNDm', 'BTNDm_Neuron']"
80704,"['BTNt4i', 'BTNt4i_Int', 'BTNt4i_Neuron']"
1376,"['C160CPT2', 'C226CPT2', 'C226CPT2_Neuron', 'C160CPT2_Neuron', 'C204CPT2', 'C204CPT2_Neuron']"
549,"['MGCHrm_Neuron', 'C2M26DCOAHLm', 'T2M26DCOAHLm_Neuron', 'MGCHrm', 'ECOAH1m', 'PRPNCOAHYDm', 'C2M26DCOAHLm_Neuron', 'ECOAH1m_Neuron', 'T2M26DCOAHLm', 'PRPNCOAHYDm_Neuron']"
847,"['CATm_Neuron', 'CATm']"
166785,"['CBLATm_Neuron', 'CBL2tm_Neuron', 'CBLATm', 'CBL2tm']"
8760,"['CDSm_Neuron', 'CDSm']"
6576,"['CITtam', 'CITtam_Neuron', 'CITtbm_Neuron', 'CITtbm']"
1160,"['CK', 'CK_Neuron']"
1159,"['CK', 'CK_Neuron']"
51805,"['COQ3m', 'DHDPBMTm_Neuron', 'COQ3m_Neuron', 'DHDPBMTm']"
84274,"['COQ5m_Neuron', 'COQ5m']"
51004,"['COQ6m', 'COQ6m_Neuron']"
10229,"['COQ7m_Neuron', 'COQ7m']"
1371,"['CPPPGO', 'CPPPGO_Neuron']"
6584,"['CRNt_Neuron', 'CRNt_Int', 'CRNt']"
1384,"['CSNAT2m', 'CSNATm_Neuron', 'CSNATm', 'CSNAT2m_Neuron']"
1431,"['CSm_Neuron', 'CSm']"
7263,"['CYANSTm', 'CYANSTm_Neuron']"
84701,"['CYOOm2_Neuron', 'CYOOm2']"
1327,"['CYOOm2_Neuron', 'CYOOm2']"
341947?,"['CYOOm2_Neuron', 'CYOOm2']"
4514?,"['CYOOm2_Neuron', 'CYOOm2']"
1351,"['CYOOm2_Neuron', 'CYOOm2']"
1339?,"['CYOOm2_Neuron', 'CYOOm2']"
1329,"['CYOOm2_Neuron', 'CYOOm2']"
9377,"['CYOOm2_Neuron', 'CYOOm2']"
1347,"['CYOOm2_Neuron', 'CYOOm2']"
9167?,"['CYOOm2_Neuron', 'CYOOm2']"
1346?,"['CYOOm2_Neuron', 'CYOOm2']"
1337,"['CYOOm2_Neuron', 'CYOOm2']"
125965,"['CYOOm2_Neuron', 'CYOOm2']"
1350?,"['CYOOm2_Neuron', 'CYOOm2']"
1345,"['CYOOm2_Neuron', 'CYOOm2']"
1340,"['CYOOm2_Neuron', 'CYOOm2']"
4513,"['CYOOm2_Neuron', 'CYOOm2']"
170712,"['CYOOm2_Neuron', 'CYOOm2']"
1349?,"['CYOOm2_Neuron', 'CYOOm2']"
4512?,"['CYOOm2_Neuron', 'CYOOm2']"
4519?,"['CYOR-u10m', 'CYOR-u10m_Neuron']"
29796,"['CYOR-u10m', 'CYOR-u10m_Neuron']"
10975,"['CYOR-u10m', 'CYOR-u10m_Neuron']"
7381,"['CYOR-u10m', 'CYOR-u10m_Neuron']"
7384,"['CYOR-u10m', 'CYOR-u10m_Neuron']"
7388,"['CYOR-u10m', 'CYOR-u10m_Neuron']"
7386,"['CYOR-u10m', 'CYOR-u10m_Neuron']"
27089?,"['CYOR-u10m', 'CYOR-u10m_Neuron']"
1537,"['CYOR-u10m', 'CYOR-u10m_Neuron']"
7385,"['CYOR-u10m', 'CYOR-u10m_Neuron']"
56301,"['SERGLYexR_Neuron', 'SERGLYexR_Int', 'SERGLNexR_Int', 'CYSGLYexR', 'SERGLNexR_Neuron', 'CYSGLUexR_Int', 'SERGLNexR', 'CYSGLUexR', 'CYSGLUexR_Neuron', 'CYSGLYexR_Neuron', 'SERGLYexR']"
23428,"['CYSGLYex', 'CYSGLYex_Int']"
1036,"['CYSO', 'CYSO_Neuron']"
124935,"['VALtec_Int', 'CYStec_Neuron', 'LEUtec_Int', 'CYStec_Int', 'LEUtec_Neuron', 'ILEtec_Int', 'LEUtec', 'ILEtec_Neuron', 'ILEtec', 'VALtec_Neuron', 'CYStec', 'VALtec']"
51727,"['CYTK1m_Neuron', 'CYTK1m']"
9123,"['L-LACt2r_Int', 'D-LACt2_Int', 'PYRt2r_Int', 'L-LACt2r_Neuron', 'PYRt2r_Neuron', 'PYRt2r', 'D-LACt2', 'L-LACt2r', 'D-LACt2_Neuron']"
1716,"['DGNSKm', 'DGNSKm_Neuron']"
29958,"['DMGDHm_Neuron', 'DMGDHm']"
669,"['DPGase_Neuron', 'DPGase', 'PGM_Neuron', 'PGM', 'DPGM_Neuron', 'DPGM']"
5223,"['DPGase_Neuron', 'DPGase', 'PGM_Neuron', 'PGM', 'DPGM_Neuron', 'DPGM']"
7084,"['TMDK1m_Neuron', 'DURIK1m_Neuron', 'DURIK1m', 'TMDK1m']"
1854,"['DUTPDPm_Neuron', 'DUTPDPm']"
1892,"['ECOAH9m_Neuron', 'ECOAH12m', 'ECOAH1m', 'PRPNCOAHYDm', 'ECOAH9m', 'ECOAH1m_Neuron', 'ECOAH12m_Neuron', 'PRPNCOAHYDm_Neuron']"
2027,"['ENO_Neuron', 'ENO']"
2023,"['ENO_Neuron', 'ENO']"
2026,"['ENO_Neuron', 'ENO']"
2109,"['ETF_Neuron', 'ETF']"
2108,"['ETF_Neuron', 'ETF']"
2110,"['ETFQO_Neuron', 'ETFQO']"
1571,"['ETOHMO_Neuron', 'ETOHMO']"
230,"['FBA_Neuron', 'FBA']"
226,"['FBA_Neuron', 'FBA']"
2235,"['FCLTm', 'FCLTm_Neuron']"
4891,"['Fe2t_Neuron', 'FE2t_Int', 'FE2t']"
2356,"['FPGS6m', 'FPGS6m_Neuron', 'FPGS4m', 'FPGS2m_Neuron', 'FPGS4m_Neuron', 'FPGS3m', 'FPGS9m', 'FPGS9m_Neuron', 'FPGS2m', 'FPGS7m', 'FPGS3m_Neuron', 'FPGS7m_Neuron', 'FPGS5m', 'FPGS5m_Neuron', 'FPGSm', 'FPGSm_Neuron', 'FPGS8m', 'FPGS8m_Neuron']"
25902,"['MTHFCm', 'MTHFDm_Neuron', 'FTHFLm', 'MTHFDm', 'MTHFCm_Neuron', 'FTHFLm_Neuron']"
1468,"['MALtm_Neuron', 'MALSO3tm', 'MALtm', 'MALTSULtm', 'SUCCt2m_Neuron', 'FUMTSULtm', 'FUMTSULtm_Neuron', 'MALSO4tm_Neuron', 'SUCCt2m', 'MALSO4tm', 'MALTSULtm_Neuron', 'FUMSO3tm', 'FUMSO4tm', 'FUMSO4tm_Neuron', 'MALSO3tm_Neuron', 'FUMtm', 'FUMSO3tm_Neuron', 'FUMtm_Neuron']"
2271,"['FUMm_Neuron', 'FUMm']"
2820,"['G3PD2m', 'G3PD2m_Neuron']"
9563,"['G6PDH2r', 'G6PDH2r_Neuron']"
2539,"['G6PDH2r', 'G6PDH2r_Neuron']"
2597,"['GAPD', 'GAPD_Neuron']"
7915,"['LCADi_Dm', 'GCALDDm', 'LCADi_Dm_Neuron', 'GCALDDm_Neuron', 'LCADim', 'LCADim_Neuron', 'SSALxm_Neuron', 'SSALxm']"
4329,"['LCADi_Dm', 'GCALDDm', 'GCALDDm_Neuron', 'LCADim', 'MMSAD3m', 'LCADim_Neuron', 'MMSAD1m_Neuron', 'MMSAD3m_Neuron', 'LCADi_Dm_Neuron', 'MMSAD1m']"
275,"['GCC2cm', 'GCC2bim', 'GCCcm', 'GCCbim_Neuron', 'GCC2bim_Neuron', 'GCCam_Neuron', 'GCCcm_Neuron', 'GCCbim', 'GCC2cm_Neuron', 'GCC2am_Neuron', 'GCC2am', 'GCCam']"
2731,"['GCC2cm', 'GCC2bim', 'GCCcm', 'GCCbim_Neuron', 'GCC2bim_Neuron', 'GCCam_Neuron', 'GCCcm_Neuron', 'GCCbim', 'GCC2cm_Neuron', 'GCC2am_Neuron', 'GCC2am', 'GCCam']"
2653,"['GCC2cm', 'GCC2bim', 'GCCcm', 'GCCbim_Neuron', 'GCC2bim_Neuron', 'GCCam_Neuron', 'GCCcm_Neuron', 'GCCbim', 'GCC2cm_Neuron', 'GCC2am_Neuron', 'GCC2am', 'GCCam']"
6472,"['GHMT2rm', 'GHMT3m', 'GHMT3m_Neuron', 'GHMT2rm_Neuron']"
6513,"['GLCt1r_Neuron', 'GLCt1r']"
56606,"['GLCt1r_Neuron', 'GLCt1r']"
6515,"['GLCt1r_Neuron', 'GLCt1r']"
29988,"['GLCt1r_Neuron', 'GLCt1r']"
11182,"['GLCt1r_Neuron', 'GLCt1r']"
154091,"['GLCt1r_Neuron', 'GLCt1r']"
81031,"['GLCt1r_Neuron', 'GLCt1r']"
66035,"['GLCt1r_Neuron', 'GLCt1r']"
6524,"['GLCt2r_Int', 'GLCt2r']"
2752,['GLNS']
2746,"['GLUDym_Neuron', 'GLUDym', 'GLUDxm_Neuron', 'GLUDxm']"
2747,"['GLUDym_Neuron', 'GLUDym', 'GLUDxm_Neuron', 'GLUDxm']"
2744,"['GLUNm', 'GLUNm_Neuron']"
27165,"['GLUNm', 'GLUNm_Neuron']"
2639,"['GLUTCOADHm_Neuron', 'GLUTCOADHm']"
246213,"['GLUVESSEC', 'GLUVESSEC_Neuron']"
57030,"['GLUVESSEC', 'GLUVESSEC_Neuron']"
57084,"['PIt7_Neuron', 'PIt7', 'GLUVESSEC', 'PIt7_Int', 'GLUVESSEC_Neuron']"
79751,"['GLUt2m', 'GLUt2m_Neuron']"
83733,"['GLUt2m', 'GLUt2m_Neuron']"
6512,"['GLUt6', 'GLUt6_Int']"
6507,"['GLUt6', 'GLUt6_Int']"
6511,"['GLUt6', 'GLUt6_Int']"
6505,"['GLUt6', 'GLUt6_Int']"
6506,"['GLUt6', 'GLUt6_Int']"
9380,"['GLYCLTDym', 'GLYCLTDym_Neuron']"
2712,"['GLYKm', 'GLYKm_Neuron']"
2710,"['GLYKm', 'GLYKm_Neuron']"
2713,"['GLYKm', 'GLYKm_Neuron']"
3029,"['GLYOXm', 'GLYOXm_Neuron']"
5226,"['GND_Neuron', 'GND']"
2936,"['GTHOm_Neuron', 'GTHOm']"
2879,"['GTHPm', 'GTHPm_Neuron']"
10935,"['GTHPm', 'GTHPm_Neuron']"
11238,"['H2CO3Dm', 'H2CO3Dm_Neuron']"
361,"['H2Ot_Neuron', 'H2Ot', 'H2Ot_Int']"
366,"['NH3tm', 'H2Otm', 'H2Otm_Neuron', 'NH3tm_Neuron', 'UREAtm', 'UREAtm_Neuron', 'LacLtm']"
3028,"['HACD9m', 'HACD9m_Neuron', 'HACD1m_Neuron', 'HACD1m']"
3033,"['HACD1m_Neuron', 'HACD1m']"
27235,"['HBZOPT10m', 'HBZOPT10m_Neuron']"
3098,"['HEX1_Neuron', 'HEX1']"
2645,"['HEX1_Neuron', 'HEX1']"
80201,"['HEX1_Neuron', 'HEX1']"
3099,"['HEX1_Neuron', 'HEX1']"
11112,"['HIBDm', 'HIBDm_Neuron']"
3145,"['HMBS', 'HMBS_Neuron']"
3158,"['HMGCOASim_Neuron', 'HMGCOASim']"
54511,"['HMGLm', 'HMGLm_Neuron']"
7352,"['Htm_Neuron', 'Htm']"
9016,"['Htm_Neuron', 'Htm']"
9481,"['Htm_Neuron', 'Htm']"
3421,"['ICDHxm_Neuron', 'ICDHxm']"
3420,"['ICDHxm_Neuron', 'ICDHxm']"
3419,"['ICDHxm_Neuron', 'ICDHxm']"
3418,"['ICDHyrm', 'ICDHyrm_Neuron']"
586,"['LEUTA', 'VALTA', 'ILETA', 'ILETA_Neuron', 'VALTA_Neuron', 'LEUTA_Neuron']"
587,"['LEUTAm_Neuron', 'VALTAm', 'ILETAm_Neuron', 'LEUTAm', 'VALTAm_Neuron', 'ILETAm']"
8802,"['SUCOAS1m_Neuron', 'SUCOASm', 'MECOALm_Neuron', 'MECOAS1m_Neuron', 'MECOALm', 'ITCOAL1m_Neuron', 'SUCOAS1m', 'SUCOASm_Neuron', 'ITCOAL1m', 'ITCOALm_Neuron', 'ITCOALm', 'MECOAS1m']"
8801,"['SUCOAS1m_Neuron', 'ITCOAL1m', 'MECOAS1m_Neuron', 'ITCOAL1m_Neuron', 'SUCOAS1m', 'MECOAS1m']"
8803,"['ITCOALm', 'ITCOALm_Neuron', 'SUCOASm', 'MECOALm_Neuron', 'MECOALm', 'SUCOASm_Neuron']"
160287,"['LDH_L', 'LDH_L_Neuron']"
3945,"['LDH_L', 'LDH_L_Neuron']"
3939,"['LDH_L', 'LDH_Lm', 'LDH_L_Neuron', 'LDH_Lm_Neuron']"
3948,"['LDH_L', 'LDH_L_Neuron']"
56922,"['MCCCrm', 'MCCCrm_Neuron']"
64087,"['MCCCrm', 'MCCCrm_Neuron']"
4190,"['MDH_Neuron', 'MDH']"
4191,"['MDHm_Neuron', 'SLDxm_Neuron', 'SLDxm', 'MDHm']"
23417,"['MMCDm_Neuron', 'MMCDm']"
84693,"['MMEm', 'MMEm_Neuron']"
4594,"['MMMm_Neuron', 'MMMm']"
55967,"['NADH2-u10m', 'NADH2-u10m_Neuron']"
4537?,"['NADH2-u10m', 'NADH2-u10m_Neuron']"
4710,"['NADH2-u10m', 'NADH2-u10m_Neuron']"
4726,"['NADH2-u10m', 'NADH2-u10m_Neuron']"
4717,"['NADH2-u10m', 'NADH2-u10m_Neuron']"
4539?,"['NADH2-u10m', 'NADH2-u10m_Neuron']"
7991?,"['NADH2-u10m', 'NADH2-u10m_Neuron']"
4536?,"['NADH2-u10m', 'NADH2-u10m_Neuron']"
4712,"['NADH2-u10m', 'NADH2-u10m_Neuron']"
4708?,"['NADH2-u10m', 'NADH2-u10m_Neuron']"
4707?,"['NADH2-u10m', 'NADH2-u10m_Neuron']"
4713,"['NADH2-u10m', 'NADH2-u10m_Neuron']"
4706,"['NADH2-u10m', 'NADH2-u10m_Neuron']"
4724,"['NADH2-u10m', 'NADH2-u10m_Neuron']"
4711,"['NADH2-u10m', 'NADH2-u10m_Neuron']"
51079,"['NADH2-u10m', 'NADH2-u10m_Neuron']"
4698,"['NADH2-u10m', 'NADH2-u10m_Neuron']"
4716?,"['NADH2-u10m', 'NADH2-u10m_Neuron']"
4731?,"['NADH2-u10m', 'NADH2-u10m_Neuron']"
4723,"['NADH2-u10m', 'NADH2-u10m_Neuron']"
4540?,"['NADH2-u10m', 'NADH2-u10m_Neuron']"
4694,"['NADH2-u10m', 'NADH2-u10m_Neuron']"
4715,"['NADH2-u10m', 'NADH2-u10m_Neuron']"
4718,"['NADH2-u10m', 'NADH2-u10m_Neuron']"
4535?,"['NADH2-u10m', 'NADH2-u10m_Neuron']"
4695,"['NADH2-u10m', 'NADH2-u10m_Neuron']"
4722,"['NADH2-u10m', 'NADH2-u10m_Neuron']"
126328?,"['NADH2-u10m', 'NADH2-u10m_Neuron']"
4704,"['NADH2-u10m', 'NADH2-u10m_Neuron']"
4700,"['NADH2-u10m', 'NADH2-u10m_Neuron']"
4725?,"['NADH2-u10m', 'NADH2-u10m_Neuron']"
4729,"['NADH2-u10m', 'NADH2-u10m_Neuron']"
4705,"['NADH2-u10m', 'NADH2-u10m_Neuron']"
4701,"['NADH2-u10m', 'NADH2-u10m_Neuron']"
374291,"['NADH2-u10m', 'NADH2-u10m_Neuron']"
4697,"['NADH2-u10m', 'NADH2-u10m_Neuron']"
4702,"['NADH2-u10m', 'NADH2-u10m_Neuron']"
4709?,"['NADH2-u10m', 'NADH2-u10m_Neuron']"
4696?,"['NADH2-u10m', 'NADH2-u10m_Neuron']"
4541?,"['NADH2-u10m', 'NADH2-u10m_Neuron']"
4728,"['NADH2-u10m', 'NADH2-u10m_Neuron']"
4719,"['NADH2-u10m', 'NADH2-u10m_Neuron']"
4538?,"['NADH2-u10m', 'NADH2-u10m_Neuron']"
4720,"['NADH2-u10m', 'NADH2-u10m_Neuron']"
4714,"['NADH2-u10m', 'NADH2-u10m_Neuron']"
4833,"['NDPK4m_Neuron', 'NDPK5m', 'NDPK2m_Neuron', 'NDPK8m_Neuron', 'NDPK1m_Neuron', 'NDPK5m_Neuron', 'NDPK6m', 'NDPK9m_Neuron', 'NDPK3m', 'NDPK6m_Neuron', 'NDPK7m', 'NDPK10m', 'NDPK2m', 'NDPK4m', 'NDPK9m', 'NDPK10m_Neuron', 'NDPK7m_Neuron', 'NDPK8m', 'NDPK1m', 'NDPK3m_Neuron']"
57127,"['NH4t3r_Int', 'NH4t3r', 'NH4t3r_Neuron']"
349565,"['NMNATm', 'NMNATm_Neuron', 'NNATm_Neuron', 'NNATm']"
56953,"['NTD2m', 'NTD5m', 'NTD1m_Neuron', 'NTD5m_Neuron', 'NTD1m', 'NTD2m_Neuron']"
477,"['NaKt_Int', 'NaKt_Neuron', 'NaKt']"
481,"['NaKt_Int', 'NaKt_Neuron', 'NaKt']"
480,"['NaKt_Int', 'NaKt_Neuron', 'NaKt']"
476,"['NaKt_Int', 'NaKt_Neuron', 'NaKt']"
482,"['NaKt_Int', 'NaKt_Neuron', 'NaKt']"
478,"['NaKt_Int', 'NaKt_Neuron', 'NaKt']"
483,"['NaKt_Int', 'NaKt_Neuron', 'NaKt']"
5019,"['OCOAT1m', 'OCOAT1m_Neuron']"
1629,"['OIVD3m', 'OIVD2m_Neuron', 'OIVD1m_Neuron', 'OIVD1m', 'OIVD2m', 'OIVD3m_Neuron']"
594?,"['OIVD3m', 'OIVD2m_Neuron', 'OIVD1m_Neuron', 'OIVD1m', 'OIVD2m', 'OIVD3m_Neuron']"
593,"['OIVD3m', 'OIVD2m_Neuron', 'OIVD1m_Neuron', 'OIVD1m', 'OIVD2m', 'OIVD3m_Neuron']"
4942,"['ORNTArm', 'ORNTArm_Neuron']"
1583,"['P45011A1m', 'P45011A1m_Neuron']"
57194,"['PSFLIPm_Neuron', 'PEFLIPm_Neuron', 'PEFLIP_Int', 'PSFLIP_Neuron', 'PSFLIP_Int', 'PCFLOPm', 'PSFLIPm', 'PSFLIP', 'PEFLIP_Neuron', 'PEFLIP', 'PEFLIPm', 'PCFLOPm_Neuron']"
5091,['PCm']
5162,"['PDHm', 'PDHm_Neuron']"
5161,"['PDHm', 'PDHm_Neuron']"
1737,"['PDHm', 'PDHm_Neuron']"
5160,"['PDHm', 'PDHm_Neuron']"
10396,"['PSFLIPm_Neuron', 'PEFLIPm_Neuron', 'PSFLIP_Neuron', 'PSFLIP_Int', 'PSFLIPm', 'PEFLIP_Neuron', 'PSFLIP', 'PEFLIP', 'PEFLIPm', 'PEFLIP_Int']"
10400,"['PETOHMm_hs', 'PETOHMm_hs_Neuron']"
5214,"['PFK', 'PFK_Neuron']"
5211,"['PFK', 'PFK_Neuron']"
5213,"['PFK', 'PFK_Neuron']"
26227,['PGCD']
2821,"['PGI', 'PGI_Neuron']"
5232,"['PGK', 'PGK_Neuron']"
5230,"['PGK', 'PGK_Neuron']"
348477,"['PGK', 'PGK_Neuron']"
25796,"['PGL_Neuron', 'PGL']"
5250,"['PIt2m_Neuron', 'PIt2m']"
10568,"['PIt7_Int', 'PIt7_Neuron', 'PIt7']"
6569,"['PIt7_Int', 'PIt7_Neuron', 'PIt7']"
80025,"['PNTKm', 'PNTKm_Neuron']"
5464,"['PPA', 'PPA_Neuron']"
27068,"['PPAm_Neuron', 'PPAm']"
210,"['PPBNGS_Neuron', 'PPBNGS']"
5095,"['PPCOACm', 'PPCOACm_Neuron']"
5096,"['PPCOACm', 'PPCOACm_Neuron']"
5498,"['PPPGOm', 'PPPGOm_Neuron']"
5625,"['PRO1xm_Neuron', 'PROD2m_Neuron', 'PRO1xm', 'PROD2m']"
29968,['PSERT']
5723,['PSP_L']
5315,"['PYK', 'PYK_Neuron']"
6120,"['RPE', 'RPE_Neuron']"
22934,"['RPI', 'RPI_Neuron']"
10157,"['SACCD3m', 'SACCD4m', 'SACCD4m_Neuron', 'SACCD3m_Neuron']"
1757,"['SARDHm', 'SARDHm_Neuron']"
115019,"['SO4HCOtex', 'SO4HCOtex_Int']"
10861,"['SO4HCOtex', 'SO4HCOtex_Int']"
116369,"['SO4HCOtex', 'SO4HCOtex_Int']"
284129,"['SO4HCOtex', 'SO4HCOtex_Int']"
6648,"['SPODMm', 'SPODMm_Neuron']"
6390,"['SUCD1m', 'SUCD1m_Neuron']"
6389,"['SUCD1m', 'SUCD1m_Neuron']"
6391,"['SUCD1m', 'SUCD1m_Neuron']"
6392?,"['SUCD1m', 'SUCD1m_Neuron']"
6821,"['SULFOX', 'SULFOX_Neuron']"
6888,"['TALA_Neuron', 'TALA']"
23530,"['THD1m_Neuron', 'THD1m']"
3177,"['URIt', 'THYMDt1', 'THYMDt1_Int', 'URIt_Neuron', 'THYMDt1_Neuron', 'URIt_Int']"
8277,"['TKT1', 'TKT2', 'TKT2_Neuron', 'TKT1_Neuron']"
7086,"['TKT1', 'TKT2', 'TKT2_Neuron', 'TKT1_Neuron']"
286016,"['TPI', 'TPI_Neuron']"
7167,"['TPI', 'TPI_Neuron']"
10587,"['TRDRm_Neuron', 'TRDRm']"
7390,"['UPP3S', 'UPP3S_Neuron']"
7389,"['UPPDC1_Neuron', 'UPPDC1']"
1593,"['VITD3Hm', 'VITD2Hm', 'VITD3Hm_Neuron', 'VITD2Hm_Neuron']"
10201,"['NDPK1_Neuron', 'NDPK1']"
4831,"['NDPK1_Neuron', 'NDPK1']"
4830,"['NDPK1_Neuron', 'NDPK1']"
4832,"['NDPK1_Neuron', 'NDPK1']"
2992,"['GLGNS1', 'GGNG_Neuron', 'GGNG', 'GLGNS1_Neuron']"
2997?,"['GLGNS1', 'GGNG_Neuron', 'GGNG', 'GLGNS1_Neuron']"
8908,"['GLGNS1', 'GGNG_Neuron', 'GGNG', 'GLGNS1_Neuron']"
2998?,"['GLGNS1', 'GGNG_Neuron', 'GGNG', 'GLGNS1_Neuron']"
2632?,"['GLBRAN', 'GLBRAN_Neuron']"
5837,"['GLPASE1', 'GLPASE2']"
5834,"['GLPASE1', 'GLPASE2']"
5836,"['GLPASE1', 'GLPASE2']"
178,"['GLDBRAN_Neuron', 'GLDBRAN']"
6563,"['UREAt_Int', 'UREAt_Neuron', 'UREAt']"
8170,"['UREAt_Int', 'UREAt_Neuron', 'UREAt']"
92745,"['GLNtN1', 'ALAtN1', 'GLNtN1_Neuron', 'GLNtN1_Int', 'ALAtN1_Int', 'ALAtN1_Neuron']"
10991,"['GLNtN1', 'ALAtN1', 'GLNtN1_Neuron', 'GLNtN1_Int', 'ALAtN1_Int', 'ALAtN1_Neuron']"
1152,"['CKc', 'CKc_Neuron']"
1158,"['CKc', 'CKc_Neuron']"
84706,"['ALATA_Lm', 'ALATA_L_Neuron', 'ALATA_Lm_Neuron', 'ALATA_L']"
2875,"['ALATA_Lm_Neuron', 'ALATA_Lm']"
23761,"['PSDm_hs', 'PSDm_hs_Neuron']"
10873,['ME2m_Neuron']
4200,['ME2m_Neuron']
3786,['Kt_Neuron']
3785,['Kt_Neuron']
5105,['PEPCK_Neuron']
